{
  "date": "",
  "title": "Como escolher a bolsa de praia?",
  "thumbnail": "/img/uploads/dicas-de-como-escolher-a-bolsa-de-praia.webp",
  "description": "Dicas de como escolher a bolsa de praia mais adequada para o que você precisa. Decidir sobre o tamanho e modelo pode não ser uma tarefa fácil, mas nós te ajudamos.",
  "body": "Escolher a melhor bolsa de praia pra nós pode não ser uma tarefa muito simples, geralmente o fator que mais pega na hora da escolha é o tamanho.\n\nPense antes de escolher o que você gostaria de levar a praia, se você gosta de ir preparada pra tudo já sabe que sua escolha precisa ser por uma bolsa grande.\n\nSe você é minimalista e carrega poucos objetos pode optar pela bolsa média, que também depois pode ser aproveitada em looks também na cidade. Não que a bolsa grande não possa, claro que pode, só o visual vai ficar mais despojado, enquanto que a bolsa média vai ficar mais elegante.\n\nAs bolsas pequenas escolha para a noite, quando se viaja, sempre tem os happy hours e os jantares, uma bolsa de palha menor vai ser imprescindível nesses momentos. A bolsa pequena também é perfeita para ir para à balada.\n\nSeja qual for o tamanho que você escolher saiba que todas elas hoje em dia são muito bem vindas também nos looks urbanos, indo de passeios, passando pelo trabalho e também nas festas, até mesmo em ocasiões bem formais ela pode ser o diferencial rústico que você pode dar ao visual.\n\nOutra questão que às vezes nos atormenta é a cor, se combinamos com o biquíni ou se optamos pelos tons neutros, aí eu diria que tanto faz, se você pode ter várias usufrua de todas as cores, mas se você quer uma peça pra usar sempre, opte pelas neutras.\n\nNão esqueça que você pode dar um toque especial a todas elas usando um lenço na alça, é uma tendência que já faz um tempo que está aparecendo e não parece ir embora tão cedo. Aliás, o lenço sempre foi um toque muito elegante no look mesmo antes de virar febre.\n\nVou deixar aqui os links para nossos produtos, você encontrará bolsas de todos tamanhos e cores assim como os lenços:\n\n**Bolsas de praia**: <https://www.artestore.com.br/bolsas-de-praia/>\n\n**Lenços:** <https://www.artestore.com.br/lencos-echarpes-cachecois-pashminas/>",
  "meta_description": "Dicas de como escolher a bolsa de praia mais adequada para o que você precisa. Decidir sobre o tamanho e sobre a palha que vai escolher.",
  "meta_title": "Como escolher a melhor bolsa de praia?",
  "sections": [
    {
      "type": "responsive-banner",
      "img": "/img/uploads/bolsa-de-praia-como-escolher.webp",
      "alt": "Como Escolher sua Bolsa de Praia",
      "link": "https://www.artestore.com.br/bolsas-de-praia/",
      "mobile_img": "/img/uploads/dicas-de-como-escolher-a-bolsa-de-praia.webp"
    },
    {
      "type": "blog-post",
      "enabled": true
    },
    {
      "type": "collection-shelf",
      "shuffle": true,
      "collection_id": "5ec2faa8126b0d057213d0d1",
      "title": "Clique aqui para ver todos os modelos!",
      "link": "https://www.artestore.com.br/bolsas-de-praia/"
    }
  ]
}