{
  "description": {
    "title": "Artestore, Bolsas de Praia e Acessórios tudo em um só lugar.",
    "text": "Na Artestore você encontra tudo para deixar seu look prontinho para arrasar na praia! Bolsas de palha, carteiras e clutches, moda sustentável. Acessórios para praia, chapéus e lenços. Delicado trabalho feito à mão por artesãos e artistas comprometidos com a beleza e sustentabilidade."
  },
  "links_1": {
    "list_pages": false,
    "title": "Mais Informações",
    "list": [
      {
        "text": "- Condições de Entrega",
        "url": "https://www.artestore.com.br/pages/entrega"
      },
      {
        "text": "- Formas de Pagamento",
        "url": "https://www.artestore.com.br/pages/pagamentos"
      },
      {
        "text": "- Trocas e Devoluções",
        "url": "https://www.artestore.com.br/pages/trocas"
      },
      {
        "text": "- Política de Privacidade",
        "url": "https://www.artestore.com.br/pages/privacidade"
      },
      {
        "text": "- Sobre Nós",
        "url": "https://www.artestore.com.br/pages/sobre-nos"
      },
      {
        "text": "- Tipos de Palha para Bolsas",
        "url": "https://www.artestore.com.br/pages/tipos-de-palha-das-bolsas"
      },
      {
        "text": "- Moda Sustentável, Eco Fashion e Eco Friendly",
        "url": "https://www.artestore.com.br/pages/moda-sustentavel-eco-fashion-e-eco-friendly"
      },
      {
        "text": "- Lenços e Echarpes, Dicas de Como Usar",
        "url": "https://www.artestore.com.br/pages/lencos-e-echarpes-como-usar"
      },
      {
        "text": "- Dicas de Como Escolher Sua Bolsa de Praia",
        "url": "https://www.artestore.com.br/pages/como-escolher-a-bolsa-de-praia"
      }
    ]
  },
  "links_2": {
    "list_categories": false,
    "title": "Nossos Produtos",
    "list": [
      {
        "text": "Bolsas de Praia",
        "url": "https://www.artestore.com.br/bolsas-de-praia/"
      },
      {
        "text": "Bolsas de Palha",
        "url": "https://www.artestore.com.br/bolsas-de-palha/"
      },
      {
        "text": "Bolsas com Madeira",
        "url": "https://www.artestore.com.br/bolsas-com-madeira/"
      },
      {
        "text": "Clutch e Carteiras",
        "url": "https://www.artestore.com.br/clutches-e-carteiras/"
      },
      {
        "text": "Bolsas de Festa",
        "url": "https://www.artestore.com.br/bolsas-de-festa/"
      },
      {
        "text": "Lenços e Echarpes",
        "url": "https://www.artestore.com.br/lencos-echarpes-cachecois-pashminas/"
      },
      {
        "text": "Pulseiras Masculinas",
        "url": "https://www.artestore.com.br/pulseira-masculina/"
      },
      {
        "text": "Chapéus e Boinas",
        "url": "https://www.artestore.com.br/chapeus-e-viseiras/"
      }
    ]
  },
  "contacts": {
    "title": "Contatos",
    "phone_wpp": true,
    "socials": true,
    "email": true,
    "address": true
  },
  "stamps": [
    {
      "src": "/img/uploads/ssl-safe.png",
      "alt": "Secure connection"
    }
  ],
  "payment_methods": {
    "bb": true,
    "visa": true,
    "boleto": true,
    "aura": false,
    "banrisul": false,
    "elo": true,
    "hipercard": false,
    "hsbc": false,
    "bradesco": true,
    "santander": false,
    "mastercard": true,
    "paypal": true,
    "citibank": false,
    "mais": false,
    "itau": true
  },
  "credits": ""
}