{
  "meta_title": "Bolsas de Praia, Bolsas de Palha, Chapéus, Lenços e Acessórios.",
  "meta_description": "Bolsas de palha carteiras e clutches em palha, moda sustentável. Acessórios para praia, chapéus e lenços. Delicado trabalho feito à mão por artesãos e artistas comprometidos com a beleza e sustentabilidade.",
  "sections": [
    {
      "type": "banner-slider",
      "autoplay": 9000,
      "slides": [
        {
          "start": "",
          "end": "",
          "img": "/img/uploads/banner-artestore-p.webp",
          "link": "https://www.artestore.com.br/bolsas-de-praia/",
          "alt": "Bolsas de Praia Artestore, Moda Praia Sustentável",
          "mobile_img": "/img/uploads/banner-artestore-m.webp"
        },
        {
          "start": "",
          "end": "",
          "img": "/img/uploads/combo-bolsas-desconto.webp",
          "link": "https://www.artestore.com.br/clutches-e-carteiras/",
          "alt": "Combo de Carteiras com Desconto Progressivo",
          "mobile_img": "/img/uploads/combo-bolsas-desconto-m.webp"
        }
      ]
    },
    {
      "type": "info-bar",
      "enabled": true
    },
    {
      "type": "collection-shelf",
      "shuffle": true,
      "collection_id": "5ec1a403126b0d057213ac2d:categories:Bolsas de Palha:/bolsas-de-palha/",
      "title": " Ver todas as bolsas de praia",
      "link": "https://www.artestore.com.br/bolsas-de-praia/"
    },
    {
      "type": "collection-shelf",
      "shuffle": true,
      "collection_id": "5ec1a40d126b0d057213ac41:categories:Bolsas com Madeira:/bolsas-com-madeira/",
      "title": "Ver Todas Bolsas em Madeira",
      "link": "https://www.artestore.com.br/bolsas-com-madeira/"
    },
    {
      "type": "collection-shelf",
      "shuffle": true,
      "limit": "",
      "page": 1,
      "link": "https://www.artestore.com.br/clutches-e-carteiras/",
      "title": "VER TODAS CARTEIRAS E CLUTCHES",
      "collection_id": "5f4d76c17430f92180ea9839:categories:Clutch e Carteiras:/clutches-e-carteiras/"
    },
    {
      "type": "collection-shelf",
      "shuffle": true,
      "collection_id": "5ec1a408126b0d057213ac37:categories:Lenços:/lencos-echarpes-cachecois-pashminas/",
      "title": " Ver todos os lenços",
      "headless": false,
      "link": "https://www.artestore.com.br/lencos-echarpes-cachecois-pashminas/"
    },
    {
      "type": "collection-shelf",
      "shuffle": true,
      "collection_id": "5f3445fdf023684cdbd9d122:collections:Chapéus e Viseiras:/chapeus-e-viseiras-boinas",
      "title": "VER TODOS OS CHAPÉUS, VISEIRAS E BOINAS",
      "link": "https://www.artestore.com.br/chapeus-e-viseiras/"
    },
    {
      "type": "collection-shelf",
      "shuffle": true,
      "limit": "",
      "page": 1,
      "collection_id": "5ec70e31126b0d05721472e3:categories:Jóias Handmade:/joias-handmade/",
      "title": "VER TODOS OS ACESSÓRIOS",
      "link": "https://www.artestore.com.br/joias-handmade/"
    },
    {
      "type": "page-title",
      "title": "Artestore, Bolsas de Palha, Praia e Acessórios"
    }
  ]
}