{
  "sections": [
    {
      "type": "breadcrumbs",
      "enabled": true
    },
    {
      "type": "product-block",
      "enabled": true
    },
    {
      "type": "product-description",
      "enabled": true
    },
    {
      "type": "product-specifications",
      "enabled": true
    },
    {
      "type": "related-products",
      "title": "Produtos relacionados"
    },
    {
      "type": "recommended-products",
      "title": "Quem comprou este produto, também comprou:"
    },
    {
      "type": "responsive-banner",
      "img": "/img/uploads/combo-bolsas-desconto.webp",
      "link": "https://www.artestore.com.br/clutches-e-carteiras/",
      "alt": "Combo de Carteiras Várias Cores",
      "mobile_img": "/img/uploads/combo-bolsas-desconto-m.webp"
    },
    {
      "type": "blog",
      "enabled": true
    }
  ]
}