{
  "pkg": "@ecomplus/widget-trustvox",
  "active": true,
  "desktopOnly": false,
  "enableCheckout": true,
  "disablePages": true,
  "options": {
    "trustvoxStoreId": 1507,
    "widgetSrc": "https://static.trustvox.com.br/sincero/sincero.js"
  },
  "bodyAppend": "src/append/body",
  "productDescriptionAppend": "src/append/product-block",
  "productCardSlots": "src/append/product-card-slots",
  "productSlots": "src/append/product-slots",
  "stampsAppend": "src/append/stamps",
  "productBlockAppend": "src/append/product-block"
}